<?xml version="1.0" encoding="UTF-8"?>
<project-private xmlns="http://www.netbeans.org/ns/project-private/1">
    <editor-bookmarks xmlns="http://www.netbeans.org/ns/editor-bookmarks/2" lastBookmarkId="0"/>
    <open-files xmlns="http://www.netbeans.org/ns/projectui-open-files/2">
        <group>
            <file>file:/C:/Users/HP/Downloads/P3ProyectoGrupal/src/classIceCreamShop/saveFor.java</file>
            <file>file:/C:/Users/HP/Downloads/P3ProyectoGrupal/src/classIceCreamShop/readCart.java</file>
            <file>file:/C:/Users/HP/Downloads/P3ProyectoGrupal/src/classIceCreamShop/deleteOneCar.java</file>
            <file>file:/C:/Users/HP/Downloads/P3ProyectoGrupal/src/classIceCreamShop/saveClient.java</file>
            <file>file:/C:/Users/HP/Downloads/P3ProyectoGrupal/src/interfazGUI/IceCreamShop.java</file>
            <file>file:/C:/Users/HP/Downloads/P3ProyectoGrupal/src/classIceCreamShop/enterData.java</file>
            <file>file:/C:/Users/HP/Downloads/P3ProyectoGrupal/src/classIceCreamShop/totalPortionsC.java</file>
        </group>
    </open-files>
</project-private>
