
Aderezo       | Codigo   | Porciones  
Mangosw22       |c999       |50   

Aderezo       | Codigo   | Porciones  
Frutilla       |f852       |22   

Aderezo       | Codigo   | Porciones  
Frutilla       |c455       |50   

Aderezo       | Codigo   | Porciones  
Kfded1       |c847       |24   

Aderezo       | Codigo   | Porciones  
HGVGJHN       |c457       |33   

Aderezo       | Codigo   | Porciones  
Grajeas       |g852       |300   

Aderezo       | Codigo   | Porciones  
MsM       |g700       |56   

Aderezo       | Codigo   | Porciones  
Fresas       |m852       |30   

Aderezo       | Codigo   | Porciones  
uykij       |c877       |805   
