<?xml version="1.0" encoding="UTF-8"?>
<project-private xmlns="http://www.netbeans.org/ns/project-private/1">
    <editor-bookmarks xmlns="http://www.netbeans.org/ns/editor-bookmarks/2" lastBookmarkId="0"/>
    <open-files xmlns="http://www.netbeans.org/ns/projectui-open-files/2">
        <group>
            <file>file:/C:/Users/HP/Downloads/P2ProyectoGrupo38/src/classUserManual/closeUserManual.java</file>
            <file>file:/C:/Users/HP/Downloads/P2ProyectoGrupo38/src/interfazGUI/Ofert.java</file>
            <file>file:/C:/Users/HP/Downloads/P2ProyectoGrupo38/src/classLogin/validLogin.java</file>
            <file>file:/C:/Users/HP/Downloads/P2ProyectoGrupo38/src/interfazGUI/UserManual.java</file>
            <file>file:/C:/Users/HP/Downloads/P2ProyectoGrupo38/src/interfazGUI/IceCreamShop.java</file>
            <file>file:/C:/Users/HP/Downloads/P2ProyectoGrupo38/src/classOfert/closeOfert.java</file>
            <file>file:/C:/Users/HP/Downloads/P2ProyectoGrupo38/src/generalFunctionalities/initializeMongo.java</file>
            <file>file:/C:/Users/HP/Downloads/P2ProyectoGrupo38/src/interfaces/conectMongo.java</file>
        </group>
    </open-files>
</project-private>
