<?xml version="1.0" encoding="UTF-8"?>
<project-private xmlns="http://www.netbeans.org/ns/project-private/1">
    <editor-bookmarks xmlns="http://www.netbeans.org/ns/editor-bookmarks/2" lastBookmarkId="0"/>
    <open-files xmlns="http://www.netbeans.org/ns/projectui-open-files/2">
        <group>
            <file>file:/C:/Users/HP/Downloads/P3ProyectoGrupo4/src/classWorker/searchWorker.java</file>
            <file>file:/C:/Users/HP/Downloads/P3ProyectoGrupo4/src/classWorker/updateWorker.java</file>
            <file>file:/C:/Users/HP/Downloads/P3ProyectoGrupo4/src/interfazGUI/PaymentTarjet.java</file>
            <file>file:/C:/Users/HP/Downloads/P3ProyectoGrupo4/src/classIceCreamShop/updateTopping.java</file>
            <file>file:/C:/Users/HP/Downloads/P3ProyectoGrupo4/src/classWorker/findWorker.java</file>
            <file>file:/C:/Users/HP/Downloads/P3ProyectoGrupo4/src/generalFunctionalities/P2ProyectoGrupo3.java</file>
            <file>file:/C:/Users/HP/Downloads/P3ProyectoGrupo4/src/classIceCreamShop/paymentMethod.java</file>
            <file>file:/C:/Users/HP/Downloads/P3ProyectoGrupo4/src/classIceCreamShop/updateFlavors.java</file>
            <file>file:/C:/Users/HP/Downloads/P3ProyectoGrupo4/src/classWorker/deleteWorker.java</file>
            <file>file:/C:/Users/HP/Downloads/P3ProyectoGrupo4/src/interfazGUI/IceCreamShop.java</file>
            <file>file:/C:/Users/HP/Downloads/P3ProyectoGrupo4/src/classIceCreamShop/cardNumber.java</file>
        </group>
    </open-files>
</project-private>
