<?xml version="1.0" encoding="UTF-8"?>
<project-private xmlns="http://www.netbeans.org/ns/project-private/1">
    <editor-bookmarks xmlns="http://www.netbeans.org/ns/editor-bookmarks/2" lastBookmarkId="0"/>
    <open-files xmlns="http://www.netbeans.org/ns/projectui-open-files/2">
        <group>
            <file>file:/C:/Users/HP/Downloads/P3ProyectoGrupo4/src/interfazGUI/WorkerManager.java</file>
            <file>file:/C:/Users/HP/Downloads/P3ProyectoGrupo4/src/classWorker/updateWorker.java</file>
            <file>file:/C:/Users/HP/Downloads/P3ProyectoGrupo4/src/generalFunctionalities/reproducirSonido.java</file>
            <file>file:/C:/Users/HP/Downloads/P3ProyectoGrupo4/src/interfazGUI/Login.java</file>
            <file>file:/C:/Users/HP/Downloads/P3ProyectoGrupo4/src/classWorker/findWorker.java</file>
            <file>file:/C:/Users/HP/Downloads/P3ProyectoGrupo4/src/generalFunctionalities/P2ProyectoGrupo3.java</file>
            <file>file:/C:/Users/HP/Downloads/P3ProyectoGrupo4/src/classIceCreamShop/saveClient.java</file>
            <file>file:/C:/Users/HP/Downloads/P3ProyectoGrupo4/src/classIceCreamShop/enterData.java</file>
            <file>file:/C:/Users/HP/Downloads/P3ProyectoGrupo4/src/classIceCreamShop/paymentMethod.java</file>
            <file>file:/C:/Users/HP/Downloads/P3ProyectoGrupo4/src/interfazGUI/IceCreamShop.java</file>
        </group>
    </open-files>
</project-private>
