<?xml version="1.0" encoding="UTF-8"?>
<project-private xmlns="http://www.netbeans.org/ns/project-private/1">
    <editor-bookmarks xmlns="http://www.netbeans.org/ns/editor-bookmarks/2" lastBookmarkId="0"/>
    <open-files xmlns="http://www.netbeans.org/ns/projectui-open-files/2">
        <group>
            <file>file:/C:/Users/HP/Downloads/P3ProyectoGrupal/src/generalFunctionalities/initializeMongo.java</file>
            <file>file:/C:/Users/HP/Downloads/P3ProyectoGrupal/src/interfazGUI/codeAdmin.java</file>
            <file>file:/C:/Users/HP/Downloads/P3ProyectoGrupal/src/interfazGUI/UserManual.java</file>
            <file>file:/C:/Users/HP/Downloads/P3ProyectoGrupal/src/classWorker/deleteWorker.java</file>
            <file>file:/C:/Users/HP/Downloads/P3ProyectoGrupal/src/classWorker/updateWorker.java</file>
            <file>file:/C:/Users/HP/Downloads/P3ProyectoGrupal/src/classWorker/findWorker.java</file>
            <file>file:/C:/Users/HP/Downloads/P3ProyectoGrupal/src/interfazGUI/IceCreamShop.java</file>
            <file>file:/C:/Users/HP/Downloads/P3ProyectoGrupal/src/interfaces/conectMongo.java</file>
            <file>file:/C:/Users/HP/Downloads/P3ProyectoGrupal/src/classWorker/createWorker.java</file>
            <file>file:/C:/Users/HP/Downloads/P3ProyectoGrupal/src/interfazGUI/WorkerManager.java</file>
            <file>file:/C:/Users/HP/Downloads/P3ProyectoGrupal/src/classLogin/validLogin.java</file>
            <file>file:/C:/Users/HP/Downloads/P3ProyectoGrupal/src/classCodeAdmin/validCode.java</file>
            <file>file:/C:/Users/HP/Downloads/P3ProyectoGrupal/src/classIceCreamShop/inventarioFuncion.java</file>
            <file>file:/C:/Users/HP/Downloads/P3ProyectoGrupal/src/classIceCreamShop/pasarAderezosBox.java</file>
            <file>file:/C:/Users/HP/Downloads/P3ProyectoGrupal/src/classWorker/searchWorker.java</file>
            <file>file:/C:/Users/HP/Downloads/P3ProyectoGrupal/src/interfazGUI/Login.java</file>
            <file>file:/C:/Users/HP/Downloads/P3ProyectoGrupal/src/classIceCreamShop/pasarSaboresBox.java</file>
            <file>file:/C:/Users/HP/Downloads/P3ProyectoGrupal/src/classWorker/readWorker.java</file>
        </group>
    </open-files>
</project-private>
