<?xml version="1.0" encoding="UTF-8"?>
<project-private xmlns="http://www.netbeans.org/ns/project-private/1">
    <editor-bookmarks xmlns="http://www.netbeans.org/ns/editor-bookmarks/2" lastBookmarkId="0"/>
    <open-files xmlns="http://www.netbeans.org/ns/projectui-open-files/2">
        <group>
            <file>file:/C:/Users/HP/Downloads/P3ProyectoGrupal_FJ1/src/interfazGUI/Login.java</file>
            <file>file:/C:/Users/HP/Downloads/P3ProyectoGrupal_FJ1/src/classIceCreamShop/readTopping.java</file>
            <file>file:/C:/Users/HP/Downloads/P3ProyectoGrupal_FJ1/src/classIceCreamShop/createFlavor.java</file>
            <file>file:/C:/Users/HP/Downloads/P3ProyectoGrupal_FJ1/src/generalFunctionalities/P2ProyectoGrupo3.java</file>
            <file>file:/C:/Users/HP/Downloads/P3ProyectoGrupal_FJ1/src/classOfert/closeOfert.java</file>
            <file>file:/C:/Users/HP/Downloads/P3ProyectoGrupal_FJ1/src/classIceCreamShop/pasarAderezosBox.java</file>
            <file>file:/C:/Users/HP/Downloads/P3ProyectoGrupal_FJ1/src/classWorker/findWorker.java</file>
            <file>file:/C:/Users/HP/Downloads/P3ProyectoGrupal_FJ1/src/classIceCreamShop/createTopping.java</file>
            <file>file:/C:/Users/HP/Downloads/P3ProyectoGrupal_FJ1/src/interfazGUI/IceCreamShop.java</file>
            <file>file:/C:/Users/HP/Downloads/P3ProyectoGrupal_FJ1/src/classIceCreamShop/readFlavors.java</file>
            <file>file:/C:/Users/HP/Downloads/P3ProyectoGrupal_FJ1/src/interfazGUI/Ofert.java</file>
            <file>file:/C:/Users/HP/Downloads/P3ProyectoGrupal_FJ1/src/Observer/llenarCampos.java</file>
            <file>file:/C:/Users/HP/Downloads/P3ProyectoGrupal_FJ1/src/classIceCreamShop/paymentMethod.java</file>
            <file>file:/C:/Users/HP/Downloads/P3ProyectoGrupal_FJ1/src/generalFunctionalities/initializeMongo.java</file>
            <file>file:/C:/Users/HP/Downloads/P3ProyectoGrupal_FJ1/src/classWorker/createWorker.java</file>
            <file>file:/C:/Users/HP/Downloads/P3ProyectoGrupal_FJ1/src/classIceCreamShop/saveClient.java</file>
            <file>file:/C:/Users/HP/Downloads/P3ProyectoGrupal_FJ1/src/interfazGUI/WorkerManager.java</file>
            <file>file:/C:/Users/HP/Downloads/P3ProyectoGrupal_FJ1/src/classWorker/updateWorker.java</file>
            <file>file:/C:/Users/HP/Downloads/P3ProyectoGrupal_FJ1/src/classIceCreamShop/pasarSaboresBox.java</file>
            <file>file:/C:/Users/HP/Downloads/P3ProyectoGrupal_FJ1/src/classIceCreamShop/readInvoices.java</file>
        </group>
    </open-files>
</project-private>
