<?xml version="1.0" encoding="UTF-8"?>
<project-private xmlns="http://www.netbeans.org/ns/project-private/1">
    <editor-bookmarks xmlns="http://www.netbeans.org/ns/editor-bookmarks/2" lastBookmarkId="0"/>
    <open-files xmlns="http://www.netbeans.org/ns/projectui-open-files/2">
        <group>
            <file>file:/C:/Users/HP/Downloads/P3ProyectoGrupal_FJ1/src/classIceCreamShop/readFlavors.java</file>
            <file>file:/C:/Users/HP/Downloads/P3ProyectoGrupal_FJ1/src/interfazGUI/Login.java</file>
            <file>file:/C:/Users/HP/Downloads/P3ProyectoGrupal_FJ1/src/classIceCreamShop/paymentMethod.java</file>
            <file>file:/C:/Users/HP/Downloads/P3ProyectoGrupal_FJ1/src/classWorker/createWorker.java</file>
            <file>file:/C:/Users/HP/Downloads/P3ProyectoGrupal_FJ1/src/classIceCreamShop/saveClient.java</file>
            <file>file:/C:/Users/HP/Downloads/P3ProyectoGrupal_FJ1/src/interfazGUI/IceCreamShop.java</file>
            <file>file:/C:/Users/HP/Downloads/P3ProyectoGrupal_FJ1/src/classIceCreamShop/readInvoices.java</file>
        </group>
    </open-files>
</project-private>
