[{
  "_id": {
    "$oid": "65aff43514275d46f5397e42"
  },
  "CódigoUsuario:": "E1234",
  "Usuario:": "EdithC",
  "Cargo:": "Cajero",
  "Cedula": "2350370967"
},
{
  "_id": {
    "$oid": "65aff45714275d46f5397e43"
  },
  "CódigoUsuario:": "A1234",
  "Usuario:": "Admin",
  "Cargo:": "Administrador"
},
{
  "_id": {
    "$oid": "65d8328e1ed3e252f127a363"
  },
  "CódigoUsuario:": "F4569",
  "Usuario:": "FreddyJ",
  "Cargo:": "Cajero",
  "Cedula": "2300153604"
},
{
  "_id": {
    "$oid": "65d832b41ed3e252f127a366"
  },
  "CódigoUsuario:": "G2405",
  "Usuario:": "Gabriel",
  "Cargo:": "Cajero",
  "Cedula": "1750119172"
}]