[{
  "_id": {
    "$oid": "65afe3b1fd355539cfc06434"
  },
  "Producto:": "Quipito",
  "Código:": "c455",
  "Porciones:": "500",
  "Usuario:": "Vaaa"
},
{
  "_id": {
    "$oid": "65afe7622b653d5eaecb1007"
  },
  "Producto:": "Mora",
  "Código:": "c454",
  "Porciones:": "50"
},
{
  "_id": {
    "$oid": "65afea88b2bf195915f2f7a7"
  },
  "Producto:": "Choco",
  "Código:": "d845",
  "Porciones:": "154"
},
{
  "_id": {
    "$oid": "65afeab7b2bf195915f2f7a9"
  },
  "Producto:": "Chocolate liquido ",
  "Código:": "d854",
  "Porciones:": "20"
},
{
  "_id": {
    "$oid": "65b7dfddf89e7a270bc95d57"
  },
  "Producto:": "hh",
  "Código:": "f741",
  "Porciones:": "50"
},
{
  "_id": {
    "$oid": "65b7e77d695d856250fa28f6"
  },
  "Producto:": "Grajeas",
  "Código:": "g777",
  "Porciones:": "400"
},
{
  "_id": {
    "$oid": "65b7e8c0f8121435eb0f3d24"
  },
  "Producto:": "Oreo",
  "Código:": "o852",
  "Porciones:": "16"
},
{
  "_id": {
    "$oid": "65b7e8dff8121435eb0f3d26"
  },
  "Producto:": "Chispas de chocolate",
  "Código:": "c888",
  "Porciones:": "80"
},
{
  "_id": {
    "$oid": "65bd2f23ab65cf1c39b8d73c"
  },
  "Producto:": "Mora",
  "Código:": "m888",
  "Porciones:": "50"
},
{
  "_id": {
    "$oid": "65c7b9bb54b87a322c42bd30"
  },
  "Producto:": "Mangosw22",
  "Código:": "c999",
  "Porciones:": "50"
},
{
  "_id": {
    "$oid": "65c7c0e4885d4b479b0049f6"
  },
  "Producto:": "Frutilla",
  "Código:": "f852",
  "Porciones:": "22"
},
{
  "_id": {
    "$oid": "65c7c19cdde31421a138b1a5"
  },
  "Producto:": "Frutilla",
  "Código:": "c455",
  "Porciones:": "50"
},
{
  "_id": {
    "$oid": "65c7c511252f6665c9c2abaa"
  },
  "Producto:": "Aguacate",
  "Código:": "c847",
  "Porciones:": "24"
},
{
  "_id": {
    "$oid": "65c7c6b6e934465f23d73455"
  },
  "Producto:": "Avena",
  "Código:": "c457",
  "Porciones:": "33"
},
{
  "_id": {
    "$oid": "65c7cbd9ac43f146d1b3cd59"
  },
  "Producto:": "Grajeas",
  "Código:": "g852",
  "Porciones:": "300"
},
{
  "_id": {
    "$oid": "65c7cdb9d5fd9b3530744ba0"
  },
  "Producto:": "Menta",
  "Código:": "c450",
  "Porciones:": "166"
},
{
  "_id": {
    "$oid": "65c7d255fa0f0c08563f8617"
  },
  "Producto:": "eeee",
  "Código:": "m800",
  "Porciones:": "800"
},
{
  "_id": {
    "$oid": "65c7d56960b4d77bf7aa0412"
  },
  "Producto:": "Msm",
  "Código:": "g700",
  "Porciones:": "56"
},
{
  "_id": {
    "$oid": "65c7f4bcd052191240829b19"
  },
  "Producto:": "Marmoleado",
  "Código:": "o859",
  "Porciones:": "78"
},
{
  "_id": {
    "$oid": "65c7f4dfd052191240829b1d"
  },
  "Producto:": "Fresas",
  "Código:": "m852",
  "Porciones:": "30"
},
{
  "_id": {
    "$oid": "65c82d8b46ecb87f93898873"
  },
  "Producto:": "Chocolat blanco",
  "Código:": "c777",
  "Porciones:": "80"
},
{
  "_id": {
    "$oid": "65c82dd446ecb87f9389887a"
  },
  "Producto:": "Chocolate azul",
  "Código:": "c884",
  "Porciones:": "40"
},
{
  "_id": {
    "$oid": "65cce13696f92f5c0e009569"
  },
  "Producto:": "Menta",
  "Código:": "c889",
  "Porciones:": "40"
},
{
  "_id": {
    "$oid": "65cce16d96f92f5c0e00956d"
  },
  "Producto:": "Almendras",
  "Código:": "s777",
  "Porciones:": "900"
},
{
  "_id": {
    "$oid": "65cd15856c7c2a42523dd8a1"
  },
  "Producto:": "Menta",
  "Código:": "c770",
  "Porciones:": "80"
},
{
  "_id": {
    "$oid": "65cd17182b63740107324940"
  },
  "Producto:": "Manjar",
  "Código:": "m777",
  "Porciones:": "800"
},
{
  "_id": {
    "$oid": "65cd1f1f8d53460421ca26d2"
  },
  "Producto:": "Jhbjh",
  "Código:": "d345",
  "Porciones:": "54"
},
{
  "_id": {
    "$oid": "65cd1f3a8d53460421ca26d6"
  },
  "Producto:": "Uykij",
  "Código:": "c877",
  "Porciones:": "90"
}]