[{
  "_id": {
    "$oid": "65ccc564fa885b0a8cca7be1"
  },
  "Cliente": "Consumidor Final",
  "Cedula": "9999999999",
  "Telefono": "0999999999",
  "Pago": "Efectivo",
  "Producto": "Vasito",
  "Cantidad": "1",
  "Total": "3.36"
},
{
  "_id": {
    "$oid": "65ccc5a4fa885b0a8cca7be3"
  },
  "Cliente": "Consumidor Final",
  "Cedula": "9999999999",
  "Telefono": "0999999999",
  "Pago": "Efectivo",
  "Producto": "Vasito",
  "Cantidad": "1",
  "Total": "3.36"
},
{
  "_id": {
    "$oid": "65cce1bd96f92f5c0e00957b"
  },
  "Cliente": "CHUICO NAVARRETE EDITH LILIANA",
  "Cedula": "2350370967",
  "Telefono": "0963445545",
  "Pago": "Transferencia",
  "Producto": "Vasito",
  "Cantidad": "1",
  "Total": "8.68"
},
{
  "_id": {
    "$oid": "65cce1f196f92f5c0e009587"
  },
  "Cliente": "CHUICO NAVARRETE EDITH LILIANA",
  "Cedula": "2350370967",
  "Telefono": "0963445545",
  "Pago": "Transferencia",
  "Producto": "Vasito",
  "Cantidad": "1",
  "Total": "7.84"
},
{
  "_id": {
    "$oid": "65cce6ffd9b48c39ba7838d1"
  },
  "Cliente": "CHUICO NAVARRETE EDITH LILIANA",
  "Cedula": "2350370967",
  "Telefono": "0963445545",
  "Pago": "Efectivo",
  "Producto": "Vasito",
  "Cantidad": "1",
  "Total": "6.048"
},
{
  "_id": {
    "$oid": "65cce891818b79349da92db6"
  },
  "Cliente": "CHUICO NAVARRETE EDITH LILIANA",
  "Cedula": "2350370967",
  "Telefono": "0963445545",
  "Pago": "Efectivo",
  "Producto": "Vasito",
  "Cantidad": "1",
  "Total": "6.72"
},
{
  "_id": {
    "$oid": "65cd17d32b63740107324956"
  },
  "Cliente": "CHUICO NAVARRETE EDITH LILIANA",
  "Cedula": "2350370967",
  "Telefono": "0963445545",
  "Pago": "Efectivo",
  "Producto": "Vasito",
  "Cantidad": "1",
  "Total": "11.2"
},
{
  "_id": {
    "$oid": "65cd17e72b6374010732495c"
  },
  "Cliente": "CHUICO NAVARRETE EDITH LILIANA",
  "Cedula": "2350370967",
  "Telefono": "0963445545",
  "Pago": "Efectivo",
  "Producto": "Vasito",
  "Cantidad": "1",
  "Total": "6.048"
},
{
  "_id": {
    "$oid": "65cd19da8c636d60b65bc42c"
  },
  "Cliente": "eee",
  "Cedula": "8520852085",
  "Telefono": "7410741074",
  "Pago": "Transferencia",
  "Producto": "Vasito",
  "Cantidad": "1",
  "Total": "5.5440000000000005"
},
{
  "_id": {
    "$oid": "65cd1b18a6a229370a61b2a1"
  },
  "Cliente": "ddd ddd lll hhh",
  "Cedula": "8520852085",
  "Telefono": "7410741074",
  "Pago": "Transferencia",
  "Producto": "Vasito",
  "Cantidad": "1",
  "Total": "6.048"
},
{
  "_id": {
    "$oid": "65cd1ce9584ce11ba7b27135"
  },
  "Cliente": "eee eeee dddd gggg",
  "Cedula": "9874561238",
  "Telefono": "8520852085",
  "Pago": "Efectivo",
  "Producto": "Vasito",
  "Cantidad": "1",
  "Total": "6.048"
},
{
  "_id": {
    "$oid": "65cd20bb8d53460421ca270d"
  },
  "Cliente": "JIMENEZ DAVILA FREDDY CRISTHIAN",
  "Cedula": "2300153604",
  "Telefono": "0929999345",
  "Pago": "Tarjeta",
  "Producto": "Vasito",
  "Cantidad": "1",
  "Total": "6.048"
},
{
  "_id": {
    "$oid": "65d262e359fdcf2ae8e221c0"
  },
  "Cliente": "CHUICO NAVARRETE EDITH LILIANA",
  "Cedula": "2350370967",
  "Telefono": "0963445545",
  "Pago": "Tarjeta",
  "Producto": "Vasito",
  "Cantidad": "1",
  "Total": "8.568"
},
{
  "_id": {
    "$oid": "65d8a78cb3911b477a2e5101"
  },
  "Cliente": "Consumidor Final",
  "Cedula": "9999999999",
  "Telefono": "0999999999",
  "Pago": "Efectivo",
  "Producto": "Vasito",
  "Cantidad": "1",
  "Total": "7.28"
},
{
  "_id": {
    "$oid": "65d8a7e8b3911b477a2e510e"
  },
  "Cliente": "CHUICO NAVARRETE EDITH LILIANA",
  "Cedula": "2350370967",
  "Telefono": "0963445545",
  "Pago": "Seleccione",
  "Producto": "Conito",
  "Cantidad": "1",
  "Total": "11.48"
},
{
  "_id": {
    "$oid": "65d8a800b3911b477a2e5119"
  },
  "Cliente": "CHUICO NAVARRETE EDITH LILIANA",
  "Cedula": "2350370967",
  "Telefono": "0963445545",
  "Pago": "Seleccione",
  "Producto": "Conito",
  "Cantidad": "1",
  "Total": "8.96"
},
{
  "_id": {
    "$oid": "65d8a819b3911b477a2e5121"
  },
  "Cliente": "CHUICO NAVARRETE EDITH LILIANA",
  "Cedula": "2350370967",
  "Telefono": "0963445545",
  "Pago": "Efectivo",
  "Producto": "Conito",
  "Cantidad": "1",
  "Total": "8.064"
},
{
  "_id": {
    "$oid": "65dae643605bd32cbd249fc6"
  },
  "Cliente": "CHUICO NAVARRETE EDITH LILIANA",
  "Cedula": "2350370967",
  "Telefono": "0963445545",
  "Pago": "Seleccione",
  "Producto": "Vasito",
  "Cantidad": "1",
  "Total": "9.324"
}]