[{
  "_id": {
    "$oid": "65b7e77d695d856250fa28f6"
  },
  "Producto:": "Grajeas",
  "Código:": "g777",
  "Porciones:": "393"
},
{
  "_id": {
    "$oid": "65b7e8dff8121435eb0f3d26"
  },
  "Producto:": "gujhkj",
  "Código:": "c888",
  "Porciones:": "80"
},
{
  "_id": {
    "$oid": "65bd2f23ab65cf1c39b8d73c"
  },
  "Producto:": "Mora",
  "Código:": "m888",
  "Porciones:": "14"
},
{
  "_id": {
    "$oid": "65c7c0e4885d4b479b0049f6"
  },
  "Producto:": "Frutilla",
  "Código:": "f852",
  "Porciones:": "21"
},
{
  "_id": {
    "$oid": "65c7cbd9ac43f146d1b3cd59"
  },
  "Producto:": "Grajeas",
  "Código:": "g852",
  "Porciones:": "300"
},
{
  "_id": {
    "$oid": "65c7d56960b4d77bf7aa0412"
  },
  "Producto:": "Msm",
  "Código:": "g700",
  "Porciones:": "41"
},
{
  "_id": {
    "$oid": "65c7f4dfd052191240829b1d"
  },
  "Producto:": "Fresas",
  "Código:": "m852",
  "Porciones:": "29"
},
{
  "_id": {
    "$oid": "65c82d8b46ecb87f93898873"
  },
  "Producto:": "Caramelo",
  "Código:": "c777",
  "Porciones:": "80"
},
{
  "_id": {
    "$oid": "65c82dd446ecb87f9389887a"
  },
  "Producto:": "Chocolate",
  "Código:": "c884",
  "Porciones:": "35"
},
{
  "_id": {
    "$oid": "65cce16d96f92f5c0e00956d"
  },
  "Producto:": "Almendras",
  "Código:": "s777",
  "Porciones:": "900"
}]