[{
  "_id": {
    "$oid": "65afea88b2bf195915f2f7a6"
  },
  "Producto:": "Choco",
  "Código:": "d845",
  "Porciones:": "123"
},
{
  "_id": {
    "$oid": "65b7e8c0f8121435eb0f3d23"
  },
  "Producto:": "Oreo",
  "Código:": "o852",
  "Porciones:": "9"
},
{
  "_id": {
    "$oid": "65c7c511252f6665c9c2abaa"
  },
  "Producto:": "Aguacate",
  "Código:": "c847",
  "Porciones:": "20"
},
{
  "_id": {
    "$oid": "65c7c6b6e934465f23d73455"
  },
  "Producto:": "Avena",
  "Código:": "c457",
  "Porciones:": "31"
},
{
  "_id": {
    "$oid": "65c7f4bcd052191240829b19"
  },
  "Producto:": "Marmoleado",
  "Código:": "o859",
  "Porciones:": "77"
},
{
  "_id": {
    "$oid": "65cce13696f92f5c0e009569"
  },
  "Producto:": "Menta",
  "Código:": "c889",
  "Porciones:": "35"
},
{
  "_id": {
    "$oid": "65cd17182b63740107324940"
  },
  "Producto:": "Manjar",
  "Código:": "m777",
  "Porciones:": "798"
},
{
  "_id": {
    "$oid": "65cd1f1f8d53460421ca26d2"
  },
  "Producto:": "Jhbjh",
  "Código:": "d345",
  "Porciones:": "54"
}]