[{
  "_id": {
    "$oid": "65bc582d08b84d496603c230"
  },
  "Nombre": "ALEGRIA VALLE ADONIS VLADIMIR",
  "Cedula": "1722656244",
  "Teléfono": "0923454345"
},
{
  "_id": {
    "$oid": "65bc582d08b84d496603c231"
  },
  "Nombre": "ARMIJOS QUIROLA HUGO DAVID",
  "Cedula": "2350547655",
  "Teléfono": "0923564345"
},
{
  "_id": {
    "$oid": "65bc582d08b84d496603c232"
  },
  "Nombre": "BAUTISTA BRAVO DAYANARA LISSETH",
  "Cedula": "2350083057",
  "Teléfono": "0923477745"
},
{
  "_id": {
    "$oid": "65bc582d08b84d496603c233"
  },
  "Nombre": "CHUICO NAVARRETE EDITH LILIANA",
  "Cedula": "2350370967",
  "Teléfono": "0963445545"
},
{
  "_id": {
    "$oid": "65bc582d08b84d496603c234"
  },
  "Nombre": "DEMERA VASQUEZ MARLON ISMAEL",
  "Cedula": "2350644122",
  "Teléfono": "0999884345"
},
{
  "_id": {
    "$oid": "65bc582d08b84d496603c235"
  },
  "Nombre": "GAVIDIA CARRILLO JORDAN JAIR",
  "Cedula": "2350106148",
  "Teléfono": "0999887745"
},
{
  "_id": {
    "$oid": "65bc582d08b84d496603c236"
  },
  "Nombre": "GONZALEZ LOJAN JILMAR IVAN",
  "Cedula": "1752597953",
  "Teléfono": "0977754345"
},
{
  "_id": {
    "$oid": "65bc582d08b84d496603c237"
  },
  "Nombre": "GUERRA RIVERA JENNIFER JANINA",
  "Cedula": "1206241927",
  "Teléfono": "0998753345"
},
{
  "_id": {
    "$oid": "65bc582d08b84d496603c238"
  },
  "Nombre": "JIMENEZ CHAMBA DERECK ISAI",
  "Cedula": "2300412927",
  "Teléfono": "0929984345"
},
{
  "_id": {
    "$oid": "65bc582d08b84d496603c239"
  },
  "Nombre": "JIMENEZ DAVILA FREDDY CRISTHIAN",
  "Cedula": "2300153604",
  "Teléfono": "0929999345"
},
{
  "_id": {
    "$oid": "65bc582d08b84d496603c23a"
  },
  "Nombre": "JIMENEZ MERINO ANGELO DAVID",
  "Cedula": "2350928350",
  "Teléfono": "0983377345"
},
{
  "_id": {
    "$oid": "65bc582d08b84d496603c23b"
  },
  "Nombre": "LARA CHICAIZA ANDERSON LENIN",
  "Cedula": "2350623845",
  "Teléfono": "0944499345"
},
{
  "_id": {
    "$oid": "65bc582d08b84d496603c23c"
  },
  "Nombre": "LOMBEIDA FAJARDO ANA ELIZABETH",
  "Cedula": "2350580615",
  "Teléfono": "0943466745"
},
{
  "_id": {
    "$oid": "65bc582d08b84d496603c23d"
  },
  "Nombre": "MONTEROS MENESES IAN STEFANO",
  "Cedula": "1729307783",
  "Teléfono": "0987667775"
},
{
  "_id": {
    "$oid": "65bc582d08b84d496603c23e"
  },
  "Nombre": "OTERO UCHUARI ANTHONY DANIEL",
  "Cedula": "2351098013",
  "Teléfono": "0945674345"
},
{
  "_id": {
    "$oid": "65bc582d08b84d496603c23f"
  },
  "Nombre": "PAREDES ITURRALDE GABRIEL OMAR",
  "Cedula": "1750119172",
  "Teléfono": "0955554345"
},
{
  "_id": {
    "$oid": "65bc582d08b84d496603c240"
  },
  "Nombre": "PERRAZO GUERRA CAMILA MAYTE",
  "Cedula": "1722883038",
  "Teléfono": "0923454344"
},
{
  "_id": {
    "$oid": "65bc582d08b84d496603c241"
  },
  "Nombre": "QUIROZ GONZALEZ BRYAN ALEXANDER",
  "Cedula": "2300562242",
  "Teléfono": "0920999945"
},
{
  "_id": {
    "$oid": "65bc582d08b84d496603c242"
  },
  "Nombre": "REYES ZAMBRANO SHADYA NICOLE",
  "Cedula": "0803702851",
  "Teléfono": "0923433345"
},
{
  "_id": {
    "$oid": "65bc582d08b84d496603c243"
  },
  "Nombre": "RISCO GARCIA KENNET MARCELO",
  "Cedula": "1729161297",
  "Teléfono": "0923888895"
},
{
  "_id": {
    "$oid": "65bc582d08b84d496603c244"
  },
  "Nombre": "ROMERO LOPEZ JHONNY JOEL",
  "Cedula": "2350628141",
  "Teléfono": "0985556655"
},
{
  "_id": {
    "$oid": "65bc582d08b84d496603c245"
  },
  "Nombre": "USHIÑA SOSA ANDRES JAHIR",
  "Cedula": "0850769936",
  "Teléfono": "0988557788"
},
{
  "_id": {
    "$oid": "65bc777b67186d3cf5a0ad51"
  },
  "Nombre": "JARAMILL ANDRADE JULIO O",
  "Cedula": "7410741074",
  "Teléfono": "0998745874"
},
{
  "_id": {
    "$oid": "65bc77e767186d3cf5a0ad54"
  },
  "Nombre": "ORTIZ ESPINOZA FERNANDO FREDDY",
  "Cedula": "7410741444",
  "Teléfono": "0998745874"
},
{
  "_id": {
    "$oid": "65bc7a8a462fbb091cfbe753"
  },
  "Nombre": "TT FFF FFF GG",
  "Cedula": "8585858585",
  "Teléfono": "7410741074"
},
{
  "_id": {
    "$oid": "65bc7b801f79a004e44b0491"
  },
  "Nombre": "TT GGG FFF GG",
  "Cedula": "8888888888",
  "Teléfono": "0999999988"
},
{
  "_id": {
    "$oid": "65bd3014ab65cf1c39b8d74b"
  },
  "Nombre": "DD DD DD SS",
  "Cedula": "8741074107",
  "Teléfono": "7410741074"
},
{
  "_id": {
    "$oid": "65cd19da8c636d60b65bc42a"
  },
  "Nombre": "eee",
  "Cedula": "8520852085",
  "Teléfono": "7410741074"
},
{
  "_id": {
    "$oid": "65cd1ce9584ce11ba7b27133"
  },
  "Nombre": "eee eeee dddd gggg",
  "Cedula": "9874561238",
  "Teléfono": "8520852085"
}]